-- phpMyAdmin SQL Dump
-- version 3.4.10.1deb1
-- http://www.phpmyadmin.net
--
-- Machine: localhost
-- Genereertijd: 24 mei 2013 om 14:04
-- Serverversie: 5.5.31
-- PHP-Versie: 5.3.10-1ubuntu3.6

SET SQL_MODE="NO_AUTO_VALUE_ON_ZERO";
SET time_zone = "+00:00";


/*!40101 SET @OLD_CHARACTER_SET_CLIENT=@@CHARACTER_SET_CLIENT */;
/*!40101 SET @OLD_CHARACTER_SET_RESULTS=@@CHARACTER_SET_RESULTS */;
/*!40101 SET @OLD_COLLATION_CONNECTION=@@COLLATION_CONNECTION */;
/*!40101 SET NAMES utf8 */;

--
-- Database: `stemmen`
--

-- --------------------------------------------------------

--
-- Tabelstructuur voor tabel `beheerders`
--

CREATE TABLE IF NOT EXISTS `beheerders` (
  `id` int(11) NOT NULL AUTO_INCREMENT,
  `gebruikersnaam` varchar(20) NOT NULL,
  `wachtwoord` varchar(50) NOT NULL,
  PRIMARY KEY (`id`)
) ENGINE=InnoDB  DEFAULT CHARSET=utf8 AUTO_INCREMENT=5 ;

--
-- Gegevens worden uitgevoerd voor tabel `beheerders`
--

INSERT INTO `beheerders` (`id`, `gebruikersnaam`, `wachtwoord`) VALUES
(2, 'kw1c', '5b52b5c5b1c73b3cc73012a472c443cf'),
(3, 'admin', 'f971630941874c388f1d55d734d8c43b'),
(4, 'abu', 'a43dbef9ec434e9f6079e994cf84c402');

-- --------------------------------------------------------

--
-- Tabelstructuur voor tabel `items`
--

CREATE TABLE IF NOT EXISTS `items` (
  `id` int(11) NOT NULL DEFAULT '0',
  `naam` varchar(75) NOT NULL,
  `beschrijving` longtext NOT NULL,
  `afbeelding_bestandsnaam` varchar(75) NOT NULL DEFAULT 'leeg.png',
  `link` varchar(333) NOT NULL,
  `categorie` int(11) NOT NULL DEFAULT '0',
  PRIMARY KEY (`id`)
) ENGINE=InnoDB DEFAULT CHARSET=utf8;

--
-- Gegevens worden uitgevoerd voor tabel `items`
--

INSERT INTO `items` (`id`, `naam`, `beschrijving`, `afbeelding_bestandsnaam`, `link`, `categorie`) VALUES
(1, 'Product 1: Filmpje slavernij', '<iframe width="420" height="315" src="http://www.youtube.com/embed/03oWCa2hgCc" frameborder="0" allowfullscreen></iframe>', 'leeg.png', '', 1),
(2, 'Product 2:', '', 'Product2.jpg', '', 1),
(3, 'Product 3: Uggs?!', '', 'Product3.jpg', '', 1),
(4, 'Product 4: Wereldburgerkrant voor in de klas', '', 'product4.png', '', 1),
(5, 'Product 5: Powerpoint Wereldburger', '', 'product5.png', '', 1),
(6, 'Product 6: Powerpoint Werken aan de Wereld', '', 'product6.png', '', 1),
(7, 'Product 7: Lied', '', 'product7.png', '', 1),
(8, 'Product 8: Quiz', '', 'product8.png', '', 1),
(9, 'Product 9: Bordspel', '', 'product9.png', '', 1),
(10, 'Product 10: Presentatie', '', 'product10.png', '', 1),
(11, 'Product 11: Krant', '', 'product11.jpg', '', 1),
(26, 'Klussen in een dierentehuis', 'Dit project heeft nog geen beschrijving.', 'Project 26.JPG', 'http://kw1c.nl/community-week/projecten/625/klussen-in-een-dierentehuis', 2),
(43, 'Verbeteren en aanpassen van de website', 'Dit project heeft nog geen beschrijving.', 'leeg.png', 'http://kw1c.nl/community-week/projecten/626/verbeteren-en-aanpassen-van-de-website', 2),
(116, 'Film maken over de Community Week', 'Dit project heeft nog geen beschrijving.', 'leeg.png', 'http://kw1c.nl/community-week/projecten/715/film-maken-over-de-community-week', 2),
(126, 'Helpen op een basisschool', 'Dit project heeft nog geen beschrijving.', 'leeg.png', 'http://kw1c.nl/community-week/projecten/627/helpen-op-een-basisschool', 2),
(149, 'Promotiefilmpje en/of diavoorstellingmaken', 'Dit project heeft nog geen beschrijving.', 'leeg.png', 'http://kw1c.nl/community-week/projecten/628/promotiefilmpje-enof-diavoorstellingmaken', 2),
(172, 'Hulp bij de paarden', 'Dit project heeft nog geen beschrijving.', 'leeg.png', 'http://kw1c.nl/community-week/projecten/714/hulp-bij-de-paarden', 2),
(181, 'Allerlei creatieve activiteiten voor jongeren van basisschool', '- het ontwerpen en maken van verjaarsmutsen voor de jongste kinderen\r\n- het maken van raamschilderingen voor grote ramen van het gymlokaal\r\n- het ontwerpen en maken van een letterkast met vakjes, laatjes en geheime plekjes\r\n  in uitdagende kleuren om met de jongste kinderen aan beginnende geletterdheid \r\n  te werken\r\n ', 'Project 181.jpg', 'http://kw1c.nl/community-week/projecten/593/allerlei-creatieve-activiteiten-voor-jongeren-van-basisschool', 2),
(205, 'Website verbeteren', 'Dit project heeft nog geen beschrijving.', 'leeg.png', 'http://kw1c.nl/community-week/projecten/243/website-verbeteren', 2),
(208, 'Zomerkamp organiseren', 'Dit project heeft nog geen beschrijving.', 'leeg.png', 'http://kw1c.nl/community-week/projecten/594/zomerkamp-organiseren', 2),
(219, 'Een talkshow maken over (Y)our Food', 'Dit project heeft nog geen beschrijving.', 'leeg.png', 'http://kw1c.nl/community-week/projecten/629/een-talkshow-maken-over-your-food', 2),
(270, 'Blote voeten Snoezelpad', 'Dit project heeft nog geen beschrijving.', 'leeg.png', 'http://kw1c.nl/community-week/projecten/589/blote-voeten-snoezelpad', 2),
(289, 'Hulp aan Eye Active', 'Dit project heeft nog geen beschrijving.', 'leeg.png', 'http://kw1c.nl/community-week/projecten/712/hulp-aan-eye-active', 2),
(291, 'Meedoen met activiteiten en een nieuwe bedenken', 'Dit project heeft nog geen beschrijving.', 'leeg.png', 'http://kw1c.nl/community-week/projecten/631/meedoen-met-activiteiten-en-een-nieuwe-bedenken', 2),
(294, 'Activiteiten begeleiden', 'Dit project heeft nog geen beschrijving.', 'leeg.png', 'http://kw1c.nl/community-week/projecten/680/activiteiten-begeleiden', 2),
(370, 'Dans- of zangacts voor de eindpresentatie', 'Dit project heeft nog geen beschrijving.', 'leeg.png', 'http://kw1c.nl/community-week/projecten/482/dans-of-zangacts-voor-de-eindpresentatie', 2),
(396, 'Huiskamer inrichten zorginstelling', 'Dit project heeft nog geen beschrijving.', 'leeg.png', 'http://kw1c.nl/community-week/projecten/518/huiskamer-inrichten-zorginstelling', 2),
(454, 'Entree poort maken', 'Dit project heeft nog geen beschrijving.', 'Project 454.JPG', 'http://kw1c.nl/community-week/projecten/588/entree-poort-maken', 2),
(455, 'Promotiefilm voor en over de Vestingwerken', 'Dit project heeft nog geen beschrijving.', 'leeg.png', 'http://kw1c.nl/community-week/projecten/591/promotiefilm-voor-en-over-de-vestingwerken', 2),
(456, 'Hulp bij de Slinger', 'Dit project heeft nog geen beschrijving.', 'leeg.png', 'http://kw1c.nl/community-week/projecten/709/hulp-bij-de-slinger', 2),
(457, 'Organiseren van de Wereldburgerdag', '<iframe width="560" height="315" src="http://www.youtube.com/embed/FOv_W2nGlgE" frameborder="0" allowfullscreen></iframe>', 'DSC_0034.JPG', 'http://kw1c.nl/community-week/projecten/596/organiseren-van-de-wereldburgerdag', 2),
(458, 'Decors ontwerpen en maken voor musical voor groep 8', 'Dit project heeft nog geen beschrijving.', 'Project 458.JPG', 'http://kw1c.nl/community-week/projecten/597/decors-ontwerpen-en-maken-voor-musical-voor-groep-8', 2),
(459, 'Promotiefilmpje maken', 'Dit project heeft nog geen beschrijving.', 'leeg.png', 'http://kw1c.nl/community-week/projecten/598/promotiefilmpje-maken', 2),
(460, 'Foto''s en filmpjes maken', 'Geen beschrijvingbeschikbaar', 'leeg.png', '', 2),
(461, 'Ontwerp en bouwen van een demontabele skihut', 'Dit project heeft nog geen beschrijving.', 'leeg.png', 'http://kw1c.nl/community-week/projecten/600/ontwerp-en-bouwen-van-een-demontabele-skihut', 2),
(462, 'Decors maken voor de Kerstmarkt', 'Dit project heeft nog geen beschrijving.', 'leeg.png', 'http://kw1c.nl/community-week/projecten/601/decors-maken-voor-de-kerstmarkt', 2),
(463, 'Ontwerpen en aanleggen van een mozaïekpleintje', 'Dit project heeft nog geen beschrijving.', 'Project 463 (1).jpg', 'http://kw1c.nl/community-week/projecten/602/ontwerpen-en-aanleggen-van-een-mozaikpleintje', 2),
(464, 'Zitmeubels maken voor buiten', 'Dit project heeft nog geen beschrijving.', 'leeg.png', 'http://kw1c.nl/community-week/projecten/603/zitmeubels-maken-voor-buiten', 2),
(465, 'Opknappen van de tuin', 'Dit project heeft nog geen beschrijving.', 'leeg.png', 'http://kw1c.nl/community-week/projecten/604/opknappen-van-de-tuin', 2),
(466, 'Banner ontwerpen en maken', 'Dit project heeft nog geen beschrijving.', 'Project 466.JPG', 'http://kw1c.nl/community-week/projecten/605/banner-ontwerpen-en-maken', 2),
(467, 'Bosnië', 'Dit project heeft nog geen beschrijving.', 'leeg.png', 'http://kw1c.nl/community-week/projecten/606/bosnie', 2),
(468, 'Herinrichten Vlaamse Schuur in Haaren', 'Dit project heeft nog geen beschrijving.', 'leeg.png', 'http://kw1c.nl/community-week/projecten/683/herinrichten-vlaamse-schuur-in-haaren', 2),
(469, 'Posters en affiches maken', 'Dit project heeft nog geen beschrijving.', 'Project 469 (1).jpg', 'http://kw1c.nl/community-week/projecten/608/posters-en-affiches-maken', 2),
(471, 'Inrichting van een grootschalige binnentuin', 'Dit project heeft nog geen beschrijving.', 'leeg.png', 'http://kw1c.nl/community-week/projecten/704/inrichting-van-een-grootschalige-binnentuin', 2),
(472, 'Promoten en verkopen van de cardlamp', 'Dit project heeft nog geen beschrijving.', 'Project 472.jpg', 'http://kw1c.nl/community-week/projecten/705/promoten-en-verkopen-van-de-cardlamp', 2),
(473, 'Ontwerpen en maken van een belevingstuin.', 'Dit project heeft nog geen beschrijving.', 'leeg.png', 'http://kw1c.nl/community-week/projecten/612/ontwerpen-en-maken-van-een-belevingstuin', 2),
(474, 'Een filmpje maken', 'Dit project heeft nog geen beschrijving.', 'leeg.png', 'http://kw1c.nl/community-week/projecten/613/een-filmpje-maken', 2),
(475, 'Een concept om kleding in te zamelen verjongen', 'Dit project heeft nog geen beschrijving.', 'leeg.png', 'http://kw1c.nl/community-week/projecten/614/een-concept-om-kleding-in-te-zamelen-verjongen', 2),
(476, 'Kledinginzamelingsactie opzetten', 'Dit project heeft nog geen beschrijving.', 'leeg.png', 'http://kw1c.nl/community-week/projecten/615/kledinginzamelingsactie-opzetten', 2),
(477, 'Enquete formuleren en uitvoeren', 'Dit project heeft nog geen beschrijving.', 'leeg.png', 'http://kw1c.nl/community-week/projecten/616/enquete-formuleren-en-uitvoeren', 2),
(478, 'Decor bouwen', 'Dit project heeft nog geen beschrijving.', 'Project 478.JPG', 'http://kw1c.nl/community-week/projecten/617/decor-bouwen', 2),
(479, 'Sport en speldag organiseren', 'Dit project heeft nog geen beschrijving.', 'Project 479.jpg', 'http://kw1c.nl/community-week/projecten/618/sport-en-speldag-organiseren', 2),
(480, 'Zitelementen maken en (be)schilderen', 'Dit project heeft nog geen beschrijving.', 'leeg.png', 'http://kw1c.nl/community-week/projecten/619/zitelementen-maken-en-beschilderen', 2),
(481, 'Opknappen van plantenbak en afrastering maken', 'Dit project heeft nog geen beschrijving.', 'leeg.png', 'http://kw1c.nl/community-week/projecten/620/opknappen-van-plantenbak-en-afrastering-maken', 2),
(482, 'Oppimpen van opberghok en verschoonruimte', 'Dit project heeft nog geen beschrijving.', 'leeg.png', 'http://kw1c.nl/community-week/projecten/621/oppimpen-van-opberghok-en-verschoonruimte', 2),
(483, 'Opknappen van de centrale ontmoetingsruimte', 'Dit project heeft nog geen beschrijving.', 'Project 483.JPG', 'http://kw1c.nl/community-week/projecten/622/opknappen-van-de-centrale-ontmoetingsruimte', 2),
(484, 'Opknapklusjes op en rond de sportvelden', 'Dit project heeft nog geen beschrijving.', 'leeg.png', 'http://kw1c.nl/community-week/projecten/623/opknapklusjes-op-en-rond-de-sportvelden', 2),
(486, 'Een lipdub voorbereiden en opnemen', 'Dit project heeft nog geen beschrijving.', 'leeg.png', 'http://kw1c.nl/community-week/projecten/632/een-lipdub-voorbereiden-en-opnemen', 2),
(488, 'Herinrichten van BSO ruimten', 'Dit project heeft nog geen beschrijving.', 'Project 491.JPG', 'http://kw1c.nl/community-week/projecten/635/herinrichten-van-bso-ruimten', 2),
(489, 'Den Bosch, zonnestad van Nederland', 'Dit project heeft nog geen beschrijving.', 'Project 489.JPG', 'http://kw1c.nl/community-week/projecten/637/den-bosch-zonnestad-van-nederland', 2),
(490, 'Het restylen van de verjaardagsstoel', 'Dit project heeft nog geen beschrijving.', 'leeg.png', 'http://kw1c.nl/community-week/projecten/634/het-restylen-van-de-verjaardagsstoel', 2),
(491, 'Herinrichten van BSO ruimten', 'Dit project heeft nog geen beschrijving.', 'leeg.png', 'http://kw1c.nl/community-week/projecten/636/herinrichten-van-bso-ruimten', 2),
(492, 'Organiseren slotmanifestatie', 'Dit project heeft nog geen beschrijving.', 'leeg.png', 'http://kw1c.nl/community-week/projecten/669/organiseren-slotmanifestatie', 2),
(493, 'Maken van een sorteerkast voor post in Son', 'Dit project heeft nog geen beschrijving.', 'leeg.png', 'http://kw1c.nl/community-week/projecten/674/maken-van-een-sorteerkast-voor-post-in-son', 2),
(494, 'Animaties voor Kamp Vught', 'Dit project heeft nog geen beschrijving.', 'project 494.JPG', 'http://kw1c.nl/community-week/projecten/640/animaties-voor-kamp-vught', 2),
(495, 'Onderzoeken wat er op de facebook pagia gebeurt', 'Dit project heeft nog geen beschrijving.', 'leeg.png', 'http://kw1c.nl/community-week/projecten/641/onderzoeken-wat-er-op-de-facebook-pagia-gebeurt', 2),
(496, 'Schilderen van klaslokalen', 'Dit project heeft nog geen beschrijving.', 'Project 496.jpg', 'http://kw1c.nl/community-week/projecten/642/schilderen-van-klaslokalen', 2),
(497, 'Maken van decor en kleding tbv een musical', 'Dit project heeft nog geen beschrijving.', 'Project 497.JPG', 'http://kw1c.nl/community-week/projecten/643/maken-van-decor-en-kleding-tbv-een-musical', 2),
(498, 'Filmpje maken voor de website', 'Dit project heeft nog geen beschrijving.', 'leeg.png', 'http://kw1c.nl/community-week/projecten/644/filmpje-maken-voor-de-website', 2),
(499, 'Hulp op de boerderij', 'Dit project heeft nog geen beschrijving.', 'leeg.png', 'http://kw1c.nl/community-week/projecten/713/hulp-op-de-boerderij', 2),
(500, 'Promotiefilm maken', 'Dit project heeft nog geen beschrijving.', 'leeg.png', 'http://kw1c.nl/community-week/projecten/646/promotiefilm-maken', 2),
(502, 'Aanhangkarretje maken achter rolstoel', 'Dit project heeft nog geen beschrijving.', 'leeg.png', 'http://kw1c.nl/community-week/projecten/648/aanhangkarretje-maken-achter-rolstoel', 2),
(503, 'Magazin maken over 10 jaar computerhuis', 'Dit project heeft nog geen beschrijving.', 'leeg.png', 'http://kw1c.nl/community-week/projecten/649/magazin-maken-over-10-jaar-computerhuis', 2),
(504, 'Website ontwerpen en bouwen', 'Dit project heeft nog geen beschrijving.', 'leeg.png', 'http://kw1c.nl/community-week/projecten/650/website-ontwerpen-en-bouwen', 2),
(505, 'Balkons winddicht maken', 'Dit project heeft nog geen beschrijving.', 'Project 505.JPG', 'http://kw1c.nl/community-week/projecten/651/balkons-winddicht-maken', 2),
(506, 'Verrijdbare bloembakken maken en vullen', 'Dit project heeft nog geen beschrijving.', 'Project 506.JPG', 'http://kw1c.nl/community-week/projecten/652/verrijdbare-bloembakken-maken-en-vullen', 2),
(507, 'Creatief schilderen', 'Dit project heeft nog geen beschrijving.', 'Project 507.JPG', 'http://kw1c.nl/community-week/projecten/653/creatief-schilderen', 2),
(508, 'Koken, bakken en uitserveren', 'Dit project heeft nog geen beschrijving.', 'Project 508.jpg', 'http://kw1c.nl/community-week/projecten/654/koken-bakken-en-uitserveren', 2),
(509, 'Muziek en beeld op flat screen e.a. zaken', 'Dit project heeft nog geen beschrijving.', 'leeg.png', 'http://kw1c.nl/community-week/projecten/655/muziek-en-beeld-op-flat-screen-ea-zaken', 2),
(510, 'De zolder van een basisschool inventariseren e.d.', 'Dit project heeft nog geen beschrijving.', 'leeg.png', 'http://kw1c.nl/community-week/projecten/656/de-zolder-van-een-basisschool-inventariseren-ed', 2),
(511, 'Schilderen, texen winkel en kantine te Oeffelt', 'Dit project heeft nog geen beschrijving.', 'leeg.png', 'http://kw1c.nl/community-week/projecten/657/schilderen-texen-winkel-en-kantine-te-oeffelt', 2),
(512, 'Tuin opknappen en mooi maken', 'Dit project heeft nog geen beschrijving.', 'leeg.png', 'http://kw1c.nl/community-week/projecten/658/tuin-opknappen-en-mooi-maken', 2),
(513, 'Ontwerpen en maken van een digitale markt of veiling', 'Dit project heeft nog geen beschrijving.', 'leeg.png', 'http://kw1c.nl/community-week/projecten/659/ontwerpen-en-maken-van-een-digitale-markt-of-veiling', 2),
(514, 'Verschillende schilder en kluswerkzaamheden', 'Dit project heeft nog geen beschrijving.', 'Project 514.JPG', 'http://kw1c.nl/community-week/projecten/660/verschillende-schilder-en-kluswerkzaamheden', 2),
(515, 'PR voeren', 'Dit project heeft nog geen beschrijving.', 'Project 515.jpg', 'http://kw1c.nl/community-week/projecten/661/pr-voeren', 2),
(516, 'Verwendag voor ouderen en kinderen', 'Dit project heeft nog geen beschrijving.', 'leeg.png', 'http://kw1c.nl/community-week/projecten/662/verwendag-voor-ouderen-en-kinderen', 2),
(517, 'Isolatiefolie aanbrengen', 'Dit project heeft nog geen beschrijving.', 'leeg.png', 'http://kw1c.nl/community-week/projecten/663/isolatiefolie-aanbrengen', 2),
(518, 'Schilderen en inrichten van bibliotheek', 'Dit project heeft nog geen beschrijving.', 'leeg.png', 'http://kw1c.nl/community-week/projecten/664/schilderen-en-inrichten-van-bibliotheek', 2),
(519, 'Activiteiten bij ouderen', 'Dit project heeft nog geen beschrijving.', 'leeg.png', 'http://kw1c.nl/community-week/projecten/665/activiteiten-bij-ouderen', 2),
(520, 'Ontwerp, advies en begroting maken voor restyling', 'Dit project heeft nog geen beschrijving.', 'leeg.png', 'http://kw1c.nl/community-week/projecten/666/ontwerp-advies-en-begroting-maken-voor-restyling', 2),
(521, 'Voortuin opknappen', 'Dit project heeft nog geen beschrijving.', 'leeg.png', 'http://kw1c.nl/community-week/projecten/667/voortuin-opknappen', 2),
(522, 'Klus en zorgwerkzaamheden', 'Dit project heeft nog geen beschrijving.', 'Project 522 (3).JPG', 'http://kw1c.nl/community-week/projecten/668/klus-en-zorgwerkzaamheden', 2),
(523, 'Tuin zomerklaar maken en schilderwerk', 'Dit project heeft nog geen beschrijving.', 'leeg.png', 'http://kw1c.nl/community-week/projecten/670/tuin-zomerklaar-maken-en-schilderwerk', 2),
(524, 'Onderhoud velden, borden en kleedlokalen', 'Dit project heeft nog geen beschrijving.', 'leeg.png', 'http://kw1c.nl/community-week/projecten/671/onderhoud-velden-borden-en-kleedlokalen', 2),
(525, 'Schildering maken op plexiglas', 'Dit project heeft nog geen beschrijving.', 'Project 525 (2).jpg', 'http://kw1c.nl/community-week/projecten/672/schildering-maken-op-plexiglas', 2),
(526, 'Tenniskooi opknappen', 'Dit project heeft nog geen beschrijving.', 'leeg.png', 'http://kw1c.nl/community-week/projecten/673/tenniskooi-opknappen', 2),
(527, 'Helpen met activiteiten in het verpleeghuis', 'Dit project heeft nog geen beschrijving.', 'leeg.png', 'http://kw1c.nl/community-week/projecten/676/helpen-met-activiteiten-in-het-verpleeghuis', 2),
(528, '2 karretjes maken', 'Dit project heeft nog geen beschrijving.', 'leeg.png', 'http://kw1c.nl/community-week/projecten/677/2-karretjes-maken', 2),
(529, 'Aanleggen van een natuurtuin', 'Dit project heeft nog geen beschrijving.', 'Project 529.JPG', 'http://kw1c.nl/community-week/projecten/678/aanleggen-van-een-natuurtuin', 2),
(530, 'Met een decoupeerzaag vormen zagen en schilderen', 'Dit project heeft nog geen beschrijving.', 'leeg.png', 'http://kw1c.nl/community-week/projecten/679/met-een-decoupeerzaag-vormen-zagen-en-schilderen', 2),
(531, '2x een boot namaken van bamboe en pvc', 'Dit project heeft nog geen beschrijving.', 'leeg.png', 'http://kw1c.nl/community-week/projecten/681/2x-een-boot-namaken-van-bamboe-en-pvc', 2),
(532, 'Inrichten speeltuintjes voor baby, dreumes en peuter', 'Dit project heeft nog geen beschrijving.', 'leeg.png', 'http://kw1c.nl/community-week/projecten/684/inrichten-speeltuintjes-voor-baby-dreumes-en-peuter', 2),
(533, 'Meehelpen op de golfclub', 'Dit project heeft nog geen beschrijving.', 'leeg.png', 'http://kw1c.nl/community-week/projecten/685/meehelpen-op-de-golfclub', 2),
(534, 'Ontwerpen bedankkaart / nieuwjaarskaart e.a. dingen', 'Dit project heeft nog geen beschrijving.', 'Project 534.png', 'http://kw1c.nl/community-week/projecten/686/ontwerpen-bedankkaart-nieuwjaarskaart-ea-dingen', 2),
(535, 'Opknappen Engelenburcht', 'Dit project heeft nog geen beschrijving.', 'leeg.png', 'http://kw1c.nl/community-week/projecten/687/opknappen-engelenburcht', 2),
(538, 'Diverse klussen op de Eindhovense manege', 'Dit project heeft nog geen beschrijving.', 'leeg.png', 'http://kw1c.nl/community-week/projecten/690/diverse-klussen-op-de-eindhovense-manege', 2),
(539, 'Hulp bij zorginstelling', 'Dit project heeft nog geen beschrijving.', 'leeg.png', 'http://kw1c.nl/community-week/projecten/693/hulp-bij-zorginstelling', 2),
(540, 'Klussen voor de voetbalvereniging', 'Dit project heeft nog geen beschrijving.', 'leeg.png', 'http://kw1c.nl/community-week/projecten/692/klussen-voor-de-voetbalvereniging', 2),
(541, 'Belevingsmateriaal opknappen', 'Dit project heeft nog geen beschrijving.', 'leeg.png', 'http://kw1c.nl/community-week/projecten/694/belevingsmateriaal-opknappen', 2),
(542, 'Werkzaamheden verrrichten op de boerderij', 'Dit project heeft nog geen beschrijving.', 'leeg.png', 'http://kw1c.nl/community-week/projecten/695/werkzaamheden-verrrichten-op-de-boerderij', 2),
(543, 'Onderhoudswerkzaamheden', 'Dit project heeft nog geen beschrijving.', 'leeg.png', 'http://kw1c.nl/community-week/projecten/696/onderhoudswerkzaamheden', 2),
(544, 'Onderhoudswerkzaamheden verrichten', 'Dit project heeft nog geen beschrijving.', 'leeg.png', 'http://kw1c.nl/community-week/projecten/697/onderhoudswerkzaamheden-verrichten', 2),
(545, 'Activiteiten organiseren en ondernemen', 'Dit project heeft nog geen beschrijving.', 'Project 545 (1).jpg', 'http://kw1c.nl/community-week/projecten/698/activiteiten-organiseren-en-ondernemen', 2),
(546, 'Meehelpen voor speciaal festijn', 'Dit project heeft nog geen beschrijving.', 'Project 546 (1).jpg', 'http://kw1c.nl/community-week/projecten/699/meehelpen-voor-speciaal-festijn', 2),
(547, 'Verblijven opknappen e.a. klusjes', 'Dit project heeft nog geen beschrijving.', 'Project 547 (2).jpg', 'http://kw1c.nl/community-week/projecten/700/verblijven-opknappen-ea-klusjes', 2),
(548, 'Maken van bakken op hoogte', 'Dit project heeft nog geen beschrijving.', 'leeg.png', 'http://kw1c.nl/community-week/projecten/701/maken-van-bakken-op-hoogte', 2),
(549, 'Meehelpen bij zorgatelier Madeliefste', 'Dit project heeft nog geen beschrijving.', 'leeg.png', 'http://kw1c.nl/community-week/projecten/708/meehelpen-bij-zorgatelier-madeliefste', 2),
(550, 'Hulp aan motorcycle support', 'Dit project heeft nog geen beschrijving.', 'leeg.png', 'http://kw1c.nl/community-week/projecten/706/hulp-aan-motorcycle-support', 2),
(551, 'Meehelpen in bejaardentehuis', 'Dit project heeft nog geen beschrijving.', 'leeg.png', 'http://kw1c.nl/community-week/projecten/707/meehelpen-in-bejaardentehuis', 2),
(552, 'Hand en spandiensten verrichten', 'Dit project heeft nog geen beschrijving.', 'leeg.png', 'http://kw1c.nl/community-week/projecten/710/hand-en-spandiensten-verrichten', 2),
(553, 'Activiteiten organiseren', 'Dit project heeft nog geen beschrijving.', 'leeg.png', 'http://kw1c.nl/community-week/projecten/711/activiteiten-organiseren', 2);

-- --------------------------------------------------------

--
-- Tabelstructuur voor tabel `sessies`
--

CREATE TABLE IF NOT EXISTS `sessies` (
  `id` int(11) NOT NULL AUTO_INCREMENT,
  `sessie` int(11) NOT NULL,
  `user` int(11) NOT NULL,
  PRIMARY KEY (`id`)
) ENGINE=InnoDB  DEFAULT CHARSET=latin1 AUTO_INCREMENT=69 ;

--
-- Gegevens worden uitgevoerd voor tabel `sessies`
--

INSERT INTO `sessies` (`id`, `sessie`, `user`) VALUES
(6, 25077, 2),
(7, 16661, 2),
(8, 5354, 2),
(9, 6408, 0),
(10, 17918, 0),
(11, 23118, 2),
(12, 23303, 0),
(13, 31544, 3),
(14, 12748, 0),
(15, 22019, 0),
(16, 33306, 0),
(17, 45728, 0),
(18, 7618, 0),
(19, 9455, 0),
(20, 18837, 0),
(21, 4457, 3),
(22, 41022, 2),
(23, 44622, 0),
(24, 7515, 0),
(25, 33259, 0),
(26, 13707, 0),
(27, 32793, 0),
(28, 39015, 0),
(29, 26688, 0),
(30, 20851, 0),
(31, 42356, 2),
(32, 13435, 0),
(33, 4047, 0),
(34, 20159, 0),
(35, 29494, 0),
(36, 12354, 0),
(37, 20701, 0),
(38, 28016, 0),
(39, 26146, 2),
(40, 3953, 0),
(41, 38164, 0),
(42, 2272, 0),
(43, 2679, 2),
(44, 48689, 2),
(45, 46590, 2),
(46, 46769, 3),
(47, 27159, 2),
(48, 41340, 2),
(49, 10864, 2),
(50, 44786, 4),
(51, 19169, 3),
(52, 29378, 3),
(53, 15031, 2),
(54, 6677, 3),
(55, 48490, 2),
(56, 23558, 3),
(57, 32731, 2),
(58, 10971, 2),
(59, 16548, 3),
(60, 33250, 3),
(61, 46771, 2),
(62, 32625, 2),
(63, 22074, 2),
(64, 39435, 2),
(65, 29635, 3),
(66, 7623, 2),
(67, 18134, 2),
(68, 8194, 2);

-- --------------------------------------------------------

--
-- Tabelstructuur voor tabel `stemmen`
--

CREATE TABLE IF NOT EXISTS `stemmen` (
  `id` int(11) NOT NULL AUTO_INCREMENT,
  `item_id` int(111) NOT NULL,
  `tijdstip` timestamp NOT NULL DEFAULT CURRENT_TIMESTAMP,
  `ip_adres` varchar(25) NOT NULL DEFAULT '0.0.0.0',
  PRIMARY KEY (`id`),
  KEY `item_id` (`item_id`)
) ENGINE=InnoDB  DEFAULT CHARSET=utf8 AUTO_INCREMENT=807 ;

--
-- Gegevens worden uitgevoerd voor tabel `stemmen`
--

INSERT INTO `stemmen` (`id`, `item_id`, `tijdstip`, `ip_adres`) VALUES
(66, 478, '2013-05-24 09:00:00', '145.100.173.75'),
(67, 43, '2013-05-24 09:00:00', '83.137.142.90'),
(68, 492, '2013-05-24 09:00:00', '83.137.142.90'),
(69, 492, '2013-05-24 09:00:00', '83.137.142.90'),
(70, 492, '2013-05-24 09:00:02', '83.137.142.91'),
(71, 492, '2013-05-24 09:00:02', '83.137.142.91'),
(72, 483, '2013-05-24 09:00:02', '83.137.142.91'),
(73, 483, '2013-05-24 09:00:06', '178.224.94.238'),
(74, 483, '2013-05-24 09:00:06', '178.224.94.238'),
(75, 483, '2013-05-24 09:00:06', '178.224.94.238'),
(76, 478, '2013-05-24 09:00:08', '131.155.232.192'),
(77, 2, '2013-05-24 09:00:10', '83.137.142.90'),
(78, 2, '2013-05-24 09:00:10', '83.137.142.90'),
(79, 492, '2013-05-24 09:00:16', '83.137.142.90'),
(80, 478, '2013-05-24 09:00:19', '188.207.76.187'),
(81, 492, '2013-05-24 09:00:40', '83.137.142.90'),
(82, 492, '2013-05-24 09:00:40', '83.137.142.90'),
(83, 492, '2013-05-24 09:00:40', '83.137.142.91'),
(84, 478, '2013-05-24 09:00:43', '83.137.142.90'),
(85, 478, '2013-05-24 09:00:43', '83.137.142.90'),
(86, 478, '2013-05-24 09:00:44', '83.137.142.90'),
(87, 483, '2013-05-24 09:00:45', '62.140.132.44'),
(88, 483, '2013-05-24 09:00:45', '62.140.132.44'),
(89, 483, '2013-05-24 09:00:49', '95.96.115.98'),
(90, 492, '2013-05-24 09:01:00', '83.137.142.90'),
(91, 478, '2013-05-24 09:01:13', '83.137.142.91'),
(92, 2, '2013-05-24 09:01:14', '83.137.142.90'),
(93, 492, '2013-05-24 09:01:25', '83.137.142.91'),
(94, 4, '2013-05-24 09:01:28', '83.137.142.91'),
(95, 483, '2013-05-24 09:01:31', '83.137.142.91'),
(96, 492, '2013-05-24 09:01:40', '83.137.142.90'),
(97, 478, '2013-05-24 09:01:40', '83.137.142.91'),
(98, 2, '2013-05-24 09:02:04', '83.137.142.90'),
(99, 478, '2013-05-24 09:02:16', '84.27.35.202'),
(100, 492, '2013-05-24 09:03:14', '83.137.142.90'),
(101, 2, '2013-05-24 09:03:21', '83.137.142.91'),
(102, 478, '2013-05-24 09:03:22', '145.100.151.40'),
(103, 2, '2013-05-24 09:03:25', '83.137.142.90'),
(104, 478, '2013-05-24 09:03:31', '84.27.35.202'),
(105, 2, '2013-05-24 09:03:35', '83.137.142.90'),
(106, 478, '2013-05-24 09:03:38', '84.31.12.180'),
(107, 2, '2013-05-24 09:03:41', '83.137.142.90'),
(108, 478, '2013-05-24 09:03:41', '145.100.157.67'),
(109, 2, '2013-05-24 09:03:44', '62.140.132.196'),
(110, 478, '2013-05-24 09:03:58', '62.140.137.20'),
(111, 2, '2013-05-24 09:04:07', '83.137.142.90'),
(112, 2, '2013-05-24 09:04:11', '62.140.132.193'),
(113, 492, '2013-05-24 09:04:19', '83.137.142.91'),
(114, 9, '2013-05-24 09:04:23', '83.137.142.91'),
(115, 466, '2013-05-24 09:04:25', '83.137.142.90'),
(116, 466, '2013-05-24 09:04:36', '83.137.142.91'),
(117, 2, '2013-05-24 09:04:37', '83.137.142.90'),
(118, 478, '2013-05-24 09:04:46', '145.93.80.106'),
(119, 205, '2013-05-24 09:04:47', '83.137.142.90'),
(120, 2, '2013-05-24 09:04:48', '62.140.132.193'),
(121, 9, '2013-05-24 09:04:48', '83.137.142.90'),
(122, 478, '2013-05-24 09:04:55', '83.137.142.90'),
(123, 205, '2013-05-24 09:04:57', '83.137.142.91'),
(124, 478, '2013-05-24 09:05:06', '84.27.151.153'),
(125, 205, '2013-05-24 09:05:13', '83.137.142.90'),
(126, 205, '2013-05-24 09:05:24', '83.137.142.90'),
(127, 478, '2013-05-24 09:05:27', '62.140.137.26'),
(128, 467, '2013-05-24 09:05:29', '83.137.142.91'),
(129, 219, '2013-05-24 09:05:37', '83.137.142.90'),
(130, 532, '2013-05-24 09:05:38', '83.137.142.90'),
(131, 516, '2013-05-24 09:05:38', '83.137.142.90'),
(132, 478, '2013-05-24 09:05:41', '145.48.125.121'),
(133, 2, '2013-05-24 09:05:59', '90.130.106.29'),
(134, 2, '2013-05-24 09:06:01', '83.137.142.90'),
(135, 478, '2013-05-24 09:06:06', '84.24.172.200'),
(136, 478, '2013-05-24 09:06:06', '84.24.172.200'),
(137, 463, '2013-05-24 09:06:08', '83.137.142.90'),
(138, 456, '2013-05-24 09:06:21', '83.137.142.91'),
(139, 454, '2013-05-24 09:06:21', '83.137.142.90'),
(140, 478, '2013-05-24 09:06:27', '62.58.32.130'),
(141, 463, '2013-05-24 09:06:43', '83.137.142.90'),
(142, 466, '2013-05-24 09:06:49', '83.137.142.91'),
(143, 466, '2013-05-24 09:06:53', '83.137.142.90'),
(144, 483, '2013-05-24 09:06:54', '83.137.142.91'),
(145, 478, '2013-05-24 09:07:04', '88.159.232.4'),
(146, 466, '2013-05-24 09:07:09', '83.137.142.90'),
(147, 457, '2013-05-24 09:07:19', '83.137.142.91'),
(148, 457, '2013-05-24 09:07:19', '83.137.142.91'),
(149, 518, '2013-05-24 09:07:53', '83.137.142.91'),
(150, 518, '2013-05-24 09:08:01', '83.137.142.90'),
(151, 483, '2013-05-24 09:08:18', '83.137.142.91'),
(152, 479, '2013-05-24 09:08:22', '83.137.142.90'),
(153, 478, '2013-05-24 09:08:30', '188.207.104.216'),
(154, 478, '2013-05-24 09:08:33', '84.27.136.32'),
(155, 457, '2013-05-24 09:08:36', '83.137.142.91'),
(156, 478, '2013-05-24 09:08:38', '83.137.142.91'),
(157, 469, '2013-05-24 09:08:39', '83.137.142.90'),
(158, 469, '2013-05-24 09:08:41', '83.137.142.90'),
(159, 478, '2013-05-24 09:08:47', '83.137.142.91'),
(160, 457, '2013-05-24 09:08:53', '83.137.142.90'),
(161, 469, '2013-05-24 09:08:54', '83.137.142.90'),
(162, 478, '2013-05-24 09:08:56', '83.137.142.91'),
(163, 518, '2013-05-24 09:09:11', '83.137.142.90'),
(164, 472, '2013-05-24 09:09:24', '83.137.142.90'),
(165, 532, '2013-05-24 09:09:37', '62.140.137.29'),
(166, 478, '2013-05-24 09:09:43', '83.137.142.91'),
(167, 472, '2013-05-24 09:09:46', '83.137.142.90'),
(168, 516, '2013-05-24 09:09:56', '81.206.66.189'),
(169, 472, '2013-05-24 09:10:10', '83.137.142.90'),
(170, 472, '2013-05-24 09:10:23', '83.137.142.90'),
(171, 472, '2013-05-24 09:10:34', '83.137.142.91'),
(172, 478, '2013-05-24 09:10:37', '83.137.142.91'),
(173, 478, '2013-05-24 09:10:38', '46.44.179.179'),
(174, 478, '2013-05-24 09:10:45', '89.99.70.246'),
(175, 479, '2013-05-24 09:10:59', '83.137.142.90'),
(176, 26, '2013-05-24 09:11:05', '83.137.142.90'),
(177, 458, '2013-05-24 09:11:21', '89.99.150.178'),
(178, 478, '2013-05-24 09:11:22', '83.137.142.90'),
(179, 478, '2013-05-24 09:11:44', '84.31.6.233'),
(180, 26, '2013-05-24 09:11:44', '83.137.142.90'),
(181, 475, '2013-05-24 09:11:44', '83.137.142.90'),
(182, 492, '2013-05-24 09:11:45', '83.137.142.91'),
(183, 478, '2013-05-24 09:11:58', '83.137.142.91'),
(184, 472, '2013-05-24 09:12:08', '83.137.142.90'),
(185, 478, '2013-05-24 09:12:15', '145.101.54.50'),
(186, 457, '2013-05-24 09:12:27', '195.240.16.67'),
(187, 478, '2013-05-24 09:12:27', '195.240.16.67'),
(188, 26, '2013-05-24 09:12:37', '83.137.142.90'),
(189, 478, '2013-05-24 09:12:38', '188.88.15.117'),
(190, 492, '2013-05-24 09:12:47', '83.137.142.90'),
(191, 478, '2013-05-24 09:13:01', '84.24.222.121'),
(192, 479, '2013-05-24 09:13:06', '83.137.142.90'),
(193, 465, '2013-05-24 09:13:46', '83.137.142.90'),
(194, 478, '2013-05-24 09:14:00', '83.137.142.91'),
(195, 172, '2013-05-24 09:14:30', '83.137.142.90'),
(196, 497, '2013-05-24 09:15:00', '83.137.142.90'),
(197, 479, '2013-05-24 09:15:11', '83.137.142.91'),
(198, 534, '2013-05-24 09:15:16', '84.105.165.157'),
(199, 542, '2013-05-24 09:15:16', '83.137.142.90'),
(200, 467, '2013-05-24 09:15:21', '83.137.142.91'),
(201, 534, '2013-05-24 09:15:28', '84.27.245.188'),
(202, 497, '2013-05-24 09:15:32', '83.137.142.90'),
(203, 497, '2013-05-24 09:15:35', '83.137.142.90'),
(204, 467, '2013-05-24 09:15:47', '83.137.142.91'),
(205, 2, '2013-05-24 09:16:07', '83.137.142.91'),
(206, 478, '2013-05-24 09:16:08', '85.119.106.85'),
(207, 497, '2013-05-24 09:16:12', '83.137.142.90'),
(208, 467, '2013-05-24 09:16:23', '83.137.142.91'),
(209, 492, '2013-05-24 09:16:32', '83.137.142.90'),
(210, 492, '2013-05-24 09:16:52', '83.137.142.90'),
(211, 534, '2013-05-24 09:17:00', '84.27.245.188'),
(212, 478, '2013-05-24 09:17:03', '62.140.137.44'),
(213, 479, '2013-05-24 09:17:05', '83.137.142.91'),
(214, 479, '2013-05-24 09:17:07', '83.137.142.91'),
(215, 478, '2013-05-24 09:17:20', '83.137.142.90'),
(216, 478, '2013-05-24 09:17:20', '83.137.142.90'),
(217, 505, '2013-05-24 09:17:42', '83.137.142.90'),
(218, 534, '2013-05-24 09:17:55', '84.27.245.188'),
(219, 505, '2013-05-24 09:18:06', '83.137.142.90'),
(220, 550, '2013-05-24 09:18:09', '83.137.142.90'),
(221, 467, '2013-05-24 09:18:12', '83.137.142.91'),
(222, 505, '2013-05-24 09:18:31', '83.137.142.90'),
(223, 547, '2013-05-24 09:18:34', '83.137.142.90'),
(224, 2, '2013-05-24 09:18:37', '84.27.227.17'),
(225, 478, '2013-05-24 09:18:41', '145.48.121.237'),
(226, 478, '2013-05-24 09:18:45', '83.160.43.21'),
(227, 270, '2013-05-24 09:18:55', '83.137.142.90'),
(228, 478, '2013-05-24 09:19:10', '81.206.75.230'),
(229, 525, '2013-05-24 09:19:10', '83.137.142.90'),
(230, 472, '2013-05-24 09:19:10', '83.137.142.90'),
(231, 2, '2013-05-24 09:19:20', '77.164.117.250'),
(232, 270, '2013-05-24 09:19:23', '83.137.142.90'),
(233, 2, '2013-05-24 09:19:24', '195.169.188.253'),
(234, 467, '2013-05-24 09:19:26', '83.137.142.91'),
(235, 270, '2013-05-24 09:19:45', '83.137.142.90'),
(236, 2, '2013-05-24 09:19:54', '84.105.66.105'),
(237, 467, '2013-05-24 09:20:03', '83.137.142.91'),
(238, 550, '2013-05-24 09:20:05', '83.137.142.91'),
(239, 550, '2013-05-24 09:20:05', '83.137.142.91'),
(240, 483, '2013-05-24 09:20:07', '83.137.142.90'),
(241, 457, '2013-05-24 09:20:24', '83.137.142.91'),
(242, 2, '2013-05-24 09:20:30', '84.86.112.21'),
(243, 483, '2013-05-24 09:20:33', '83.137.142.90'),
(244, 505, '2013-05-24 09:20:39', '83.137.142.91'),
(245, 457, '2013-05-24 09:20:49', '83.137.142.91'),
(246, 457, '2013-05-24 09:21:06', '83.137.142.91'),
(247, 508, '2013-05-24 09:21:14', '83.137.142.90'),
(248, 467, '2013-05-24 09:21:24', '83.137.142.91'),
(249, 457, '2013-05-24 09:21:27', '83.137.142.91'),
(250, 2, '2013-05-24 09:21:33', '77.165.86.253'),
(251, 508, '2013-05-24 09:21:46', '83.137.142.90'),
(252, 479, '2013-05-24 09:21:49', '62.140.137.152'),
(253, 529, '2013-05-24 09:21:52', '83.137.142.90'),
(254, 467, '2013-05-24 09:22:07', '83.137.142.91'),
(255, 508, '2013-05-24 09:22:14', '83.137.142.90'),
(256, 472, '2013-05-24 09:22:17', '83.137.142.90'),
(257, 516, '2013-05-24 09:22:20', '83.137.142.91'),
(258, 467, '2013-05-24 09:22:23', '83.137.142.91'),
(259, 467, '2013-05-24 09:22:37', '83.137.142.91'),
(260, 467, '2013-05-24 09:22:40', '83.137.142.90'),
(261, 479, '2013-05-24 09:22:45', '83.137.142.91'),
(262, 478, '2013-05-24 09:22:53', '77.165.152.218'),
(263, 478, '2013-05-24 09:22:53', '77.165.152.218'),
(264, 467, '2013-05-24 09:22:57', '83.137.142.91'),
(265, 2, '2013-05-24 09:23:07', '77.172.217.160'),
(266, 467, '2013-05-24 09:23:12', '83.137.142.90'),
(267, 467, '2013-05-24 09:23:19', '83.137.142.91'),
(268, 478, '2013-05-24 09:23:36', '83.137.142.91'),
(269, 467, '2013-05-24 09:23:39', '83.137.142.91'),
(270, 479, '2013-05-24 09:23:41', '83.137.142.90'),
(271, 43, '2013-05-24 09:23:42', '83.137.142.91'),
(272, 467, '2013-05-24 09:23:42', '83.137.142.90'),
(273, 479, '2013-05-24 09:23:44', '83.137.142.91'),
(274, 478, '2013-05-24 09:23:48', '84.85.140.18'),
(275, 467, '2013-05-24 09:23:51', '83.137.142.90'),
(276, 467, '2013-05-24 09:23:51', '83.137.142.91'),
(277, 467, '2013-05-24 09:24:01', '83.137.142.90'),
(278, 467, '2013-05-24 09:24:04', '83.137.142.91'),
(279, 467, '2013-05-24 09:24:06', '83.137.142.90'),
(280, 467, '2013-05-24 09:24:22', '83.137.142.90'),
(281, 478, '2013-05-24 09:24:44', '83.137.142.90'),
(282, 483, '2013-05-24 09:24:57', '80.60.235.176'),
(283, 522, '2013-05-24 09:25:33', '82.156.16.171'),
(284, 466, '2013-05-24 09:25:36', '83.137.142.91'),
(285, 483, '2013-05-24 09:25:42', '83.137.142.91'),
(286, 467, '2013-05-24 09:25:50', '83.137.142.90'),
(287, 534, '2013-05-24 09:25:58', '83.137.142.91'),
(288, 534, '2013-05-24 09:25:58', '83.137.142.91'),
(289, 467, '2013-05-24 09:25:58', '83.137.142.90'),
(290, 467, '2013-05-24 09:26:21', '83.137.142.90'),
(291, 483, '2013-05-24 09:26:22', '92.64.183.42'),
(292, 483, '2013-05-24 09:26:25', '83.137.142.91'),
(293, 478, '2013-05-24 09:26:28', '89.99.6.128'),
(294, 483, '2013-05-24 09:26:37', '84.241.204.143'),
(295, 479, '2013-05-24 09:26:41', '83.137.142.91'),
(296, 467, '2013-05-24 09:26:50', '83.137.142.90'),
(297, 479, '2013-05-24 09:27:01', '83.137.142.91'),
(298, 483, '2013-05-24 09:27:04', '83.137.142.91'),
(299, 492, '2013-05-24 09:27:08', '83.137.142.90'),
(300, 466, '2013-05-24 09:27:12', '62.140.137.44'),
(301, 483, '2013-05-24 09:27:24', '83.137.142.91'),
(302, 478, '2013-05-24 09:27:25', '89.99.6.128'),
(303, 483, '2013-05-24 09:27:41', '83.137.142.91'),
(304, 479, '2013-05-24 09:27:41', '83.137.142.91'),
(305, 478, '2013-05-24 09:27:48', '77.249.7.95'),
(306, 483, '2013-05-24 09:27:55', '83.137.142.91'),
(307, 534, '2013-05-24 09:27:56', '83.137.142.91'),
(308, 479, '2013-05-24 09:27:57', '83.137.142.91'),
(309, 483, '2013-05-24 09:28:08', '83.137.142.91'),
(310, 478, '2013-05-24 09:28:28', '62.140.137.43'),
(311, 522, '2013-05-24 09:28:42', '62.140.132.73'),
(312, 522, '2013-05-24 09:28:42', '62.140.132.73'),
(313, 478, '2013-05-24 09:28:44', '92.69.198.109'),
(314, 522, '2013-05-24 09:28:48', '195.128.129.200'),
(315, 483, '2013-05-24 09:29:13', '145.7.224.12'),
(316, 522, '2013-05-24 09:29:32', '84.27.190.83'),
(317, 516, '2013-05-24 09:29:53', '83.137.142.91'),
(318, 516, '2013-05-24 09:30:10', '217.13.83.40'),
(319, 2, '2013-05-24 09:30:15', '193.69.66.20'),
(320, 2, '2013-05-24 09:30:15', '193.69.66.20'),
(321, 457, '2013-05-24 09:30:21', '83.137.142.90'),
(322, 492, '2013-05-24 09:30:39', '83.137.142.91'),
(323, 478, '2013-05-24 09:30:56', '178.84.158.179'),
(324, 516, '2013-05-24 09:31:06', '83.137.142.90'),
(325, 478, '2013-05-24 09:31:17', '87.209.82.117'),
(326, 2, '2013-05-24 09:31:48', '188.207.78.33'),
(327, 522, '2013-05-24 09:31:52', '82.156.16.171'),
(328, 2, '2013-05-24 09:32:02', '145.48.112.83'),
(329, 492, '2013-05-24 09:32:04', '83.137.142.90'),
(330, 478, '2013-05-24 09:32:07', '62.140.137.82'),
(331, 478, '2013-05-24 09:32:20', '62.140.137.130'),
(332, 516, '2013-05-24 09:32:21', '83.137.142.90'),
(333, 483, '2013-05-24 09:32:22', '83.137.142.90'),
(334, 478, '2013-05-24 09:32:28', '213.46.93.222'),
(335, 478, '2013-05-24 09:32:40', '89.98.193.47'),
(336, 2, '2013-05-24 09:32:46', '92.69.237.7'),
(337, 483, '2013-05-24 09:32:57', '94.157.109.228'),
(338, 1, '2013-05-24 09:33:21', '84.39.29.9'),
(339, 492, '2013-05-24 09:33:23', '83.137.142.90'),
(340, 472, '2013-05-24 09:33:36', '83.137.142.90'),
(341, 492, '2013-05-24 09:33:41', '83.137.142.91'),
(342, 483, '2013-05-24 09:33:48', '81.205.129.201'),
(343, 492, '2013-05-24 09:34:03', '83.137.142.90'),
(344, 492, '2013-05-24 09:34:10', '83.137.142.91'),
(345, 478, '2013-05-24 09:34:15', '89.205.224.146'),
(346, 478, '2013-05-24 09:34:17', '94.214.62.82'),
(347, 492, '2013-05-24 09:34:19', '83.137.142.90'),
(348, 478, '2013-05-24 09:34:27', '37.0.95.10'),
(349, 2, '2013-05-24 09:34:29', '188.207.73.50'),
(350, 492, '2013-05-24 09:34:34', '83.137.142.91'),
(351, 492, '2013-05-24 09:34:37', '83.137.142.90'),
(352, 492, '2013-05-24 09:34:55', '83.137.142.90'),
(353, 492, '2013-05-24 09:35:01', '83.137.142.91'),
(354, 492, '2013-05-24 09:35:09', '83.137.142.90'),
(355, 492, '2013-05-24 09:35:20', '83.137.142.90'),
(356, 492, '2013-05-24 09:35:42', '83.137.142.90'),
(357, 492, '2013-05-24 09:35:43', '83.137.142.91'),
(358, 478, '2013-05-24 09:35:57', '46.144.134.201'),
(359, 490, '2013-05-24 09:36:00', '83.137.142.91'),
(360, 2, '2013-05-24 09:36:06', '83.137.142.91'),
(361, 516, '2013-05-24 09:36:13', '145.93.65.177'),
(362, 26, '2013-05-24 09:36:22', '83.137.142.91'),
(363, 496, '2013-05-24 09:36:27', '83.137.142.90'),
(364, 496, '2013-05-24 09:36:27', '83.137.142.90'),
(365, 467, '2013-05-24 09:36:44', '83.137.142.91'),
(366, 494, '2013-05-24 09:36:47', '83.137.142.90'),
(367, 467, '2013-05-24 09:36:51', '83.137.142.90'),
(368, 492, '2013-05-24 09:36:59', '83.137.142.91'),
(369, 530, '2013-05-24 09:37:08', '83.137.142.90'),
(370, 9, '2013-05-24 09:37:09', '83.137.142.90'),
(371, 478, '2013-05-24 09:37:43', '83.81.230.200'),
(372, 478, '2013-05-24 09:37:52', '77.171.157.117'),
(373, 126, '2013-05-24 09:38:07', '83.137.142.91'),
(374, 466, '2013-05-24 09:38:28', '83.137.142.91'),
(375, 126, '2013-05-24 09:38:41', '83.137.142.90'),
(376, 483, '2013-05-24 09:39:08', '81.205.129.201'),
(377, 479, '2013-05-24 09:39:13', '83.137.142.91'),
(378, 479, '2013-05-24 09:39:30', '83.137.142.90'),
(379, 479, '2013-05-24 09:39:31', '83.137.142.91'),
(380, 529, '2013-05-24 09:39:36', '83.137.142.90'),
(381, 478, '2013-05-24 09:39:54', '82.161.122.227'),
(382, 479, '2013-05-24 09:40:09', '83.137.142.91'),
(383, 479, '2013-05-24 09:40:10', '83.137.142.91'),
(384, 473, '2013-05-24 09:40:13', '83.137.142.90'),
(385, 496, '2013-05-24 09:40:16', '83.137.142.90'),
(386, 461, '2013-05-24 09:40:20', '83.137.142.91'),
(387, 2, '2013-05-24 09:40:22', '213.125.133.171'),
(388, 466, '2013-05-24 09:40:31', '83.137.142.90'),
(389, 492, '2013-05-24 09:40:42', '83.137.142.90'),
(390, 496, '2013-05-24 09:40:44', '83.137.142.90'),
(391, 478, '2013-05-24 09:40:53', '83.137.142.91'),
(392, 483, '2013-05-24 09:40:55', '83.137.142.91'),
(393, 479, '2013-05-24 09:40:59', '83.137.142.91'),
(394, 478, '2013-05-24 09:41:03', '83.137.142.91'),
(395, 483, '2013-05-24 09:41:08', '83.137.142.91'),
(396, 483, '2013-05-24 09:41:19', '83.137.142.91'),
(397, 496, '2013-05-24 09:41:19', '83.137.142.90'),
(398, 496, '2013-05-24 09:41:35', '83.137.142.90'),
(399, 479, '2013-05-24 09:41:37', '83.137.142.91'),
(400, 483, '2013-05-24 09:41:41', '83.137.142.91'),
(401, 496, '2013-05-24 09:42:28', '83.137.142.90'),
(402, 483, '2013-05-24 09:42:28', '83.137.142.91'),
(403, 467, '2013-05-24 09:43:04', '83.137.142.91'),
(404, 467, '2013-05-24 09:43:22', '83.137.142.90'),
(405, 472, '2013-05-24 09:43:45', '83.137.142.91'),
(406, 478, '2013-05-24 09:43:55', '77.163.250.156'),
(407, 522, '2013-05-24 09:43:57', '83.137.142.91'),
(408, 467, '2013-05-24 09:44:01', '83.137.142.91'),
(409, 529, '2013-05-24 09:45:22', '83.137.142.90'),
(410, 467, '2013-05-24 09:45:38', '83.137.142.91'),
(411, 529, '2013-05-24 09:45:46', '83.137.142.90'),
(412, 529, '2013-05-24 09:46:06', '83.137.142.90'),
(413, 467, '2013-05-24 09:46:08', '83.137.142.91'),
(414, 478, '2013-05-24 09:46:18', '188.207.75.248'),
(415, 516, '2013-05-24 09:46:55', '62.133.77.1'),
(416, 467, '2013-05-24 09:47:42', '83.137.142.90'),
(417, 1, '2013-05-24 09:48:17', '213.34.50.12'),
(418, 529, '2013-05-24 09:48:19', '83.137.142.90'),
(419, 474, '2013-05-24 09:48:39', '83.137.142.91'),
(420, 457, '2013-05-24 09:48:39', '83.137.142.91'),
(421, 516, '2013-05-24 09:48:42', '145.102.88.88'),
(422, 467, '2013-05-24 09:48:44', '83.137.142.90'),
(423, 478, '2013-05-24 09:48:48', '89.99.6.128'),
(424, 478, '2013-05-24 09:48:59', '84.31.20.84'),
(425, 492, '2013-05-24 09:49:08', '83.137.142.91'),
(426, 467, '2013-05-24 09:49:11', '83.137.142.90'),
(427, 467, '2013-05-24 09:50:23', '83.137.142.90'),
(428, 467, '2013-05-24 09:50:36', '83.137.142.91'),
(429, 467, '2013-05-24 09:51:20', '83.137.142.90'),
(430, 479, '2013-05-24 09:52:17', '83.137.142.91'),
(431, 43, '2013-05-24 09:52:27', '217.121.71.197'),
(432, 2, '2013-05-24 09:52:28', '213.125.36.34'),
(433, 2, '2013-05-24 09:52:28', '213.125.36.34'),
(434, 494, '2013-05-24 09:52:55', '83.137.142.91'),
(435, 478, '2013-05-24 09:53:08', '84.241.222.183'),
(436, 492, '2013-05-24 09:53:18', '83.137.142.91'),
(437, 2, '2013-05-24 09:54:08', '213.125.112.22'),
(438, 2, '2013-05-24 09:54:23', '217.121.71.197'),
(439, 483, '2013-05-24 09:54:41', '82.174.116.59'),
(440, 478, '2013-05-24 09:54:43', '84.27.30.165'),
(441, 467, '2013-05-24 09:55:06', '92.69.230.232'),
(442, 467, '2013-05-24 09:55:06', '92.69.230.232'),
(443, 467, '2013-05-24 09:55:06', '92.69.230.232'),
(444, 467, '2013-05-24 09:55:06', '92.69.230.232'),
(445, 467, '2013-05-24 09:55:06', '92.69.230.232'),
(446, 467, '2013-05-24 09:55:25', '83.82.90.79'),
(447, 492, '2013-05-24 09:55:36', '83.137.142.90'),
(448, 467, '2013-05-24 09:55:56', '83.137.142.90'),
(449, 483, '2013-05-24 09:56:50', '178.228.182.161'),
(450, 516, '2013-05-24 09:57:07', '145.102.88.88'),
(451, 467, '2013-05-24 09:57:15', '83.137.142.90'),
(452, 467, '2013-05-24 09:57:18', '83.137.142.90'),
(453, 478, '2013-05-24 09:57:37', '84.27.136.32'),
(454, 467, '2013-05-24 09:57:39', '83.137.142.90'),
(455, 467, '2013-05-24 09:57:41', '83.137.142.90'),
(456, 467, '2013-05-24 09:57:44', '77.162.54.31'),
(457, 467, '2013-05-24 09:58:07', '83.137.142.90'),
(458, 467, '2013-05-24 09:58:17', '77.250.141.137'),
(459, 467, '2013-05-24 09:58:22', '83.117.32.202'),
(460, 467, '2013-05-24 09:58:22', '83.117.32.202'),
(461, 494, '2013-05-24 09:58:27', '83.137.142.90'),
(462, 483, '2013-05-24 09:58:41', '83.137.142.90'),
(463, 467, '2013-05-24 09:58:48', '83.137.142.90'),
(464, 467, '2013-05-24 09:59:12', '83.137.142.91'),
(465, 467, '2013-05-24 09:59:16', '84.27.69.141'),
(466, 494, '2013-05-24 09:59:27', '83.137.142.91'),
(467, 463, '2013-05-24 09:59:34', '83.137.142.90'),
(468, 467, '2013-05-24 09:59:54', '83.137.142.90'),
(469, 478, '2013-05-24 09:59:55', '83.82.21.19'),
(470, 2, '2013-05-24 10:00:01', '213.125.112.22'),
(471, 467, '2013-05-24 10:00:13', '83.137.142.90'),
(472, 494, '2013-05-24 10:00:19', '83.137.142.90'),
(473, 492, '2013-05-24 10:00:23', '83.137.142.90'),
(474, 466, '2013-05-24 10:00:29', '83.137.142.90'),
(475, 483, '2013-05-24 10:00:32', '83.137.142.90'),
(476, 467, '2013-05-24 10:00:45', '83.137.142.90'),
(477, 494, '2013-05-24 10:01:09', '83.137.142.90'),
(478, 483, '2013-05-24 10:01:42', '83.137.142.90'),
(479, 483, '2013-05-24 10:02:10', '83.137.142.90'),
(480, 219, '2013-05-24 10:02:58', '213.207.83.154'),
(481, 534, '2013-05-24 10:03:08', '194.53.92.60'),
(482, 467, '2013-05-24 10:03:08', '89.98.15.251'),
(483, 522, '2013-05-24 10:03:24', '83.137.142.90'),
(484, 486, '2013-05-24 10:03:31', '83.137.142.90'),
(485, 483, '2013-05-24 10:03:36', '83.137.142.90'),
(486, 467, '2013-05-24 10:04:14', '87.209.58.45'),
(487, 478, '2013-05-24 10:04:42', '87.209.87.152'),
(488, 507, '2013-05-24 10:05:01', '188.204.181.193'),
(489, 483, '2013-05-24 10:05:20', '83.137.142.90'),
(490, 478, '2013-05-24 10:06:01', '84.27.109.199'),
(491, 516, '2013-05-24 10:06:05', '89.98.146.7'),
(492, 494, '2013-05-24 10:06:13', '83.137.142.90'),
(493, 483, '2013-05-24 10:06:18', '83.137.142.90'),
(494, 467, '2013-05-24 10:06:18', '82.176.134.172'),
(495, 494, '2013-05-24 10:06:25', '93.186.31.83'),
(496, 219, '2013-05-24 10:06:40', '77.166.124.133'),
(497, 219, '2013-05-24 10:06:40', '77.166.124.133'),
(498, 469, '2013-05-24 10:07:03', '83.137.142.90'),
(499, 478, '2013-05-24 10:07:31', '83.137.142.91'),
(500, 483, '2013-05-24 10:07:51', '83.137.142.90'),
(501, 467, '2013-05-24 10:08:09', '84.27.61.185'),
(502, 467, '2013-05-24 10:08:09', '81.71.157.56'),
(503, 467, '2013-05-24 10:08:27', '145.93.218.106'),
(504, 467, '2013-05-24 10:08:50', '80.57.87.171'),
(505, 478, '2013-05-24 10:08:55', '145.93.233.70'),
(506, 467, '2013-05-24 10:09:22', '83.137.142.91'),
(507, 219, '2013-05-24 10:09:40', '83.137.142.90'),
(508, 219, '2013-05-24 10:09:40', '83.137.142.90'),
(509, 467, '2013-05-24 10:09:47', '195.7.130.18'),
(510, 494, '2013-05-24 10:09:52', '83.137.142.91'),
(511, 469, '2013-05-24 10:10:11', '92.69.239.223'),
(512, 483, '2013-05-24 10:10:32', '62.45.193.78'),
(513, 467, '2013-05-24 10:10:32', '84.246.5.25'),
(514, 494, '2013-05-24 10:10:33', '83.137.142.90'),
(515, 483, '2013-05-24 10:11:04', '83.137.142.91'),
(516, 469, '2013-05-24 10:12:25', '86.84.174.75'),
(517, 483, '2013-05-24 10:12:35', '83.137.142.91'),
(518, 467, '2013-05-24 10:12:46', '84.84.141.96'),
(519, 534, '2013-05-24 10:13:02', '84.24.43.185'),
(520, 2, '2013-05-24 10:13:10', '82.170.190.207'),
(521, 516, '2013-05-24 10:13:22', '83.137.142.91'),
(522, 492, '2013-05-24 10:13:25', '83.137.142.90'),
(523, 483, '2013-05-24 10:13:32', '83.137.142.90'),
(524, 467, '2013-05-24 10:13:53', '109.131.184.102'),
(525, 492, '2013-05-24 10:13:56', '83.137.142.90'),
(526, 492, '2013-05-24 10:14:11', '83.137.142.90'),
(527, 483, '2013-05-24 10:14:14', '83.137.142.90'),
(528, 492, '2013-05-24 10:14:19', '83.137.142.90'),
(529, 479, '2013-05-24 10:14:23', '87.249.121.30'),
(530, 492, '2013-05-24 10:14:31', '83.137.142.90'),
(531, 467, '2013-05-24 10:14:36', '83.137.142.90'),
(532, 458, '2013-05-24 10:14:38', '92.69.227.6'),
(533, 472, '2013-05-24 10:14:38', '83.137.142.91'),
(534, 492, '2013-05-24 10:14:49', '83.137.142.90'),
(535, 483, '2013-05-24 10:14:50', '81.205.129.201'),
(536, 467, '2013-05-24 10:14:57', '83.137.142.90'),
(537, 472, '2013-05-24 10:14:59', '83.137.142.91'),
(538, 483, '2013-05-24 10:14:59', '83.137.142.91'),
(539, 529, '2013-05-24 10:15:11', '83.137.142.90'),
(540, 483, '2013-05-24 10:15:16', '83.137.142.90'),
(541, 219, '2013-05-24 10:15:31', '85.151.38.29'),
(542, 467, '2013-05-24 10:15:32', '83.137.142.90'),
(543, 467, '2013-05-24 10:15:34', '86.83.232.48'),
(544, 469, '2013-05-24 10:15:50', '86.84.174.75'),
(545, 467, '2013-05-24 10:16:01', '83.137.142.90'),
(546, 483, '2013-05-24 10:16:06', '83.137.142.91'),
(547, 483, '2013-05-24 10:16:07', '83.137.142.90'),
(548, 492, '2013-05-24 10:16:12', '83.137.142.90'),
(549, 467, '2013-05-24 10:16:37', '83.137.142.90'),
(550, 469, '2013-05-24 10:16:41', '95.97.25.242'),
(551, 483, '2013-05-24 10:16:48', '83.137.142.90'),
(552, 467, '2013-05-24 10:16:49', '83.137.142.90'),
(553, 483, '2013-05-24 10:16:55', '83.137.142.91'),
(554, 494, '2013-05-24 10:16:58', '84.27.169.88'),
(555, 467, '2013-05-24 10:17:07', '83.137.142.90'),
(556, 492, '2013-05-24 10:17:18', '83.137.142.91'),
(557, 492, '2013-05-24 10:17:22', '83.137.142.90'),
(558, 467, '2013-05-24 10:17:41', '83.137.142.90'),
(559, 483, '2013-05-24 10:17:48', '83.137.142.90'),
(560, 492, '2013-05-24 10:17:51', '83.137.142.91'),
(561, 483, '2013-05-24 10:17:53', '83.137.142.91'),
(562, 467, '2013-05-24 10:17:58', '83.137.142.90'),
(563, 467, '2013-05-24 10:18:04', '83.137.142.90'),
(564, 492, '2013-05-24 10:18:04', '83.137.142.91'),
(565, 479, '2013-05-24 10:18:10', '83.137.142.90'),
(566, 467, '2013-05-24 10:18:11', '83.137.142.90'),
(567, 479, '2013-05-24 10:18:21', '84.241.220.51'),
(568, 467, '2013-05-24 10:18:25', '83.137.142.90'),
(569, 483, '2013-05-24 10:18:33', '83.137.142.91'),
(570, 467, '2013-05-24 10:18:39', '83.137.142.90'),
(571, 492, '2013-05-24 10:18:42', '83.137.142.91'),
(572, 483, '2013-05-24 10:18:43', '83.137.142.90'),
(573, 478, '2013-05-24 10:18:45', '83.137.142.90'),
(574, 467, '2013-05-24 10:18:45', '83.137.142.90'),
(575, 492, '2013-05-24 10:18:48', '83.137.142.91'),
(576, 467, '2013-05-24 10:18:53', '83.137.142.90'),
(577, 478, '2013-05-24 10:18:58', '213.10.40.66'),
(578, 467, '2013-05-24 10:19:11', '83.137.142.90'),
(579, 483, '2013-05-24 10:19:18', '83.137.142.91'),
(580, 467, '2013-05-24 10:19:26', '83.137.142.90'),
(581, 483, '2013-05-24 10:19:37', '83.137.142.90'),
(582, 467, '2013-05-24 10:20:00', '83.137.142.90'),
(583, 483, '2013-05-24 10:20:09', '83.137.142.91'),
(584, 483, '2013-05-24 10:20:24', '83.137.142.90'),
(585, 516, '2013-05-24 10:20:32', '86.84.4.124'),
(586, 483, '2013-05-24 10:20:55', '83.137.142.91'),
(587, 479, '2013-05-24 10:20:56', '90.131.81.21'),
(588, 483, '2013-05-24 10:20:57', '83.137.142.90'),
(589, 479, '2013-05-24 10:21:21', '145.44.88.241'),
(590, 534, '2013-05-24 10:21:38', '92.69.243.104'),
(591, 483, '2013-05-24 10:22:12', '83.137.142.91'),
(592, 479, '2013-05-24 10:22:17', '92.69.234.82'),
(593, 467, '2013-05-24 10:22:40', '83.137.142.90'),
(594, 467, '2013-05-24 10:24:04', '178.226.13.180'),
(595, 467, '2013-05-24 10:24:06', '178.226.13.180'),
(596, 467, '2013-05-24 10:24:08', '178.226.13.180'),
(597, 467, '2013-05-24 10:24:10', '178.226.13.180'),
(598, 467, '2013-05-24 10:24:29', '83.137.142.91'),
(599, 219, '2013-05-24 10:24:35', '83.137.142.90'),
(600, 492, '2013-05-24 10:24:37', '83.137.142.90'),
(601, 467, '2013-05-24 10:24:49', '178.226.13.180'),
(602, 455, '2013-05-24 10:24:50', '83.137.142.91'),
(603, 483, '2013-05-24 10:25:11', '83.137.142.90'),
(604, 492, '2013-05-24 10:25:15', '83.137.142.90'),
(605, 478, '2013-05-24 10:25:25', '85.150.39.227'),
(606, 522, '2013-05-24 10:26:14', '188.207.97.150'),
(607, 483, '2013-05-24 10:26:29', '62.140.132.61'),
(608, 482, '2013-05-24 10:27:18', '77.167.92.68'),
(609, 291, '2013-05-24 10:27:21', '62.140.132.61'),
(610, 483, '2013-05-24 10:27:30', '83.137.142.90'),
(611, 483, '2013-05-24 10:28:14', '83.137.142.90'),
(612, 494, '2013-05-24 10:28:45', '82.199.70.174'),
(613, 478, '2013-05-24 10:28:53', '84.27.48.127'),
(614, 483, '2013-05-24 10:28:58', '83.137.142.91'),
(615, 467, '2013-05-24 10:29:09', '82.199.70.173'),
(616, 534, '2013-05-24 10:29:13', '92.69.207.11'),
(617, 483, '2013-05-24 10:29:27', '83.137.142.90'),
(618, 483, '2013-05-24 10:30:22', '83.137.142.91'),
(619, 529, '2013-05-24 10:30:46', '83.137.142.90'),
(620, 467, '2013-05-24 10:30:46', '84.27.164.2'),
(621, 534, '2013-05-24 10:31:05', '95.98.0.181'),
(622, 219, '2013-05-24 10:31:13', '84.241.217.170'),
(623, 494, '2013-05-24 10:32:03', '84.27.189.190'),
(624, 219, '2013-05-24 10:32:08', '84.27.0.62'),
(625, 467, '2013-05-24 10:32:37', '62.108.31.52'),
(626, 479, '2013-05-24 10:32:40', '145.74.60.3'),
(627, 478, '2013-05-24 10:32:43', '80.246.193.169'),
(628, 478, '2013-05-24 10:33:13', '145.85.131.62'),
(629, 494, '2013-05-24 10:33:16', '83.137.142.90'),
(630, 457, '2013-05-24 10:33:40', '82.170.48.29'),
(631, 483, '2013-05-24 10:33:41', '83.137.142.91'),
(632, 9, '2013-05-24 10:33:52', '84.27.16.15'),
(633, 479, '2013-05-24 10:33:53', '84.26.54.43'),
(634, 467, '2013-05-24 10:34:46', '84.27.67.227'),
(635, 467, '2013-05-24 10:34:59', '83.137.142.91'),
(636, 219, '2013-05-24 10:35:08', '84.30.224.52'),
(637, 478, '2013-05-24 10:35:26', '213.125.114.202'),
(638, 467, '2013-05-24 10:35:28', '83.137.142.91'),
(639, 467, '2013-05-24 10:35:33', '84.241.223.66'),
(640, 467, '2013-05-24 10:35:36', '83.137.142.91'),
(641, 483, '2013-05-24 10:36:13', '83.137.142.91'),
(642, 494, '2013-05-24 10:36:25', '83.137.142.90'),
(643, 455, '2013-05-24 10:36:26', '193.216.199.28'),
(644, 494, '2013-05-24 10:36:38', '84.27.130.190'),
(645, 547, '2013-05-24 10:37:19', '83.137.142.90'),
(646, 467, '2013-05-24 10:37:27', '212.159.240.17'),
(647, 219, '2013-05-24 10:37:45', '84.27.64.3'),
(648, 483, '2013-05-24 10:38:25', '83.137.142.91'),
(649, 467, '2013-05-24 10:39:23', '62.140.132.203'),
(650, 483, '2013-05-24 10:39:28', '83.137.142.91'),
(651, 489, '2013-05-24 10:39:29', '77.167.14.36'),
(652, 489, '2013-05-24 10:39:29', '77.167.14.36'),
(653, 492, '2013-05-24 10:39:29', '77.167.14.36'),
(654, 149, '2013-05-24 10:39:29', '77.167.14.36'),
(655, 219, '2013-05-24 10:39:29', '77.167.14.36'),
(656, 473, '2013-05-24 10:39:44', '195.61.140.5'),
(657, 478, '2013-05-24 10:39:44', '195.61.140.5'),
(658, 478, '2013-05-24 10:39:44', '195.61.140.5'),
(659, 483, '2013-05-24 10:40:10', '83.137.142.91'),
(660, 478, '2013-05-24 10:40:49', '83.117.20.81'),
(661, 483, '2013-05-24 10:40:49', '83.137.142.91'),
(662, 483, '2013-05-24 10:40:51', '81.205.129.201'),
(663, 467, '2013-05-24 10:40:53', '83.137.142.91'),
(664, 467, '2013-05-24 10:40:54', '84.84.71.160'),
(665, 467, '2013-05-24 10:41:08', '83.137.142.90'),
(666, 467, '2013-05-24 10:41:17', '86.85.235.48'),
(667, 483, '2013-05-24 10:41:53', '83.137.142.91'),
(668, 483, '2013-05-24 10:42:23', '83.137.142.91'),
(669, 479, '2013-05-24 10:42:25', '84.31.224.190'),
(670, 467, '2013-05-24 10:42:40', '86.95.185.150'),
(671, 467, '2013-05-24 10:42:45', '83.137.142.90'),
(672, 483, '2013-05-24 10:42:47', '84.105.199.62'),
(673, 475, '2013-05-24 10:43:10', '83.137.142.91'),
(674, 467, '2013-05-24 10:43:11', '83.137.142.90'),
(675, 483, '2013-05-24 10:43:20', '84.105.199.62'),
(676, 467, '2013-05-24 10:43:43', '84.84.141.96'),
(677, 467, '2013-05-24 10:43:53', '88.159.230.169'),
(678, 483, '2013-05-24 10:43:57', '83.137.142.91'),
(679, 467, '2013-05-24 10:43:59', '84.27.67.227'),
(680, 467, '2013-05-24 10:44:15', '84.84.141.96'),
(681, 534, '2013-05-24 10:44:20', '77.169.146.37'),
(682, 478, '2013-05-24 10:44:30', '88.159.215.110'),
(683, 483, '2013-05-24 10:44:30', '83.137.142.91'),
(684, 467, '2013-05-24 10:44:34', '83.137.142.91'),
(685, 467, '2013-05-24 10:44:34', '83.137.142.90'),
(686, 483, '2013-05-24 10:44:37', '83.137.142.91'),
(687, 478, '2013-05-24 10:44:53', '84.31.2.37'),
(688, 467, '2013-05-24 10:44:54', '83.137.142.90'),
(689, 467, '2013-05-24 10:44:56', '84.27.60.25'),
(690, 483, '2013-05-24 10:45:19', '83.137.142.91'),
(691, 483, '2013-05-24 10:45:29', '83.137.142.91'),
(692, 479, '2013-05-24 10:45:49', '37.251.23.11'),
(693, 467, '2013-05-24 10:46:01', '62.140.137.51'),
(694, 483, '2013-05-24 10:46:06', '83.137.142.91'),
(695, 483, '2013-05-24 10:46:23', '62.140.132.11'),
(696, 467, '2013-05-24 10:46:43', '84.27.201.86'),
(697, 494, '2013-05-24 10:46:57', '84.27.75.172'),
(698, 483, '2013-05-24 10:47:02', '83.137.142.91'),
(699, 483, '2013-05-24 10:47:06', '83.137.142.91'),
(700, 532, '2013-05-24 10:47:10', '83.82.127.170'),
(701, 467, '2013-05-24 10:47:11', '83.137.142.90'),
(702, 522, '2013-05-24 10:47:20', '83.137.142.91'),
(703, 219, '2013-05-24 10:47:25', '89.98.154.67'),
(704, 219, '2013-05-24 10:47:38', '84.31.236.140'),
(705, 483, '2013-05-24 10:47:38', '83.137.142.91'),
(706, 467, '2013-05-24 10:47:46', '62.140.132.29'),
(707, 483, '2013-05-24 10:47:47', '83.137.142.91'),
(708, 467, '2013-05-24 10:48:32', '94.215.47.201'),
(709, 483, '2013-05-24 10:48:33', '83.137.142.91'),
(710, 483, '2013-05-24 10:48:33', '83.137.142.91'),
(711, 472, '2013-05-24 10:48:43', '83.137.142.91'),
(712, 472, '2013-05-24 10:49:07', '83.137.142.90'),
(713, 467, '2013-05-24 10:49:25', '77.160.206.126'),
(714, 478, '2013-05-24 10:49:31', '84.27.175.64'),
(715, 483, '2013-05-24 10:49:38', '83.137.142.91'),
(716, 472, '2013-05-24 10:49:39', '83.137.142.90'),
(717, 478, '2013-05-24 10:49:43', '88.159.215.110'),
(718, 478, '2013-05-24 10:49:47', '62.140.137.20'),
(719, 483, '2013-05-24 10:50:05', '83.137.142.91'),
(720, 534, '2013-05-24 10:50:26', '86.88.70.152'),
(721, 467, '2013-05-24 10:50:26', '84.84.141.96'),
(722, 516, '2013-05-24 10:50:44', '86.86.166.165'),
(723, 483, '2013-05-24 10:50:52', '83.137.142.91'),
(724, 483, '2013-05-24 10:51:03', '83.137.142.91'),
(725, 478, '2013-05-24 10:51:17', '88.159.215.110'),
(726, 483, '2013-05-24 10:51:26', '83.137.142.91'),
(727, 483, '2013-05-24 10:51:51', '83.137.142.91'),
(728, 494, '2013-05-24 10:52:04', '84.27.169.88'),
(729, 483, '2013-05-24 10:52:21', '83.137.142.91'),
(730, 478, '2013-05-24 10:52:26', '131.174.234.189'),
(731, 483, '2013-05-24 10:52:35', '83.137.142.91'),
(732, 467, '2013-05-24 10:52:36', '92.69.200.201'),
(733, 469, '2013-05-24 10:52:40', '5.57.251.179'),
(734, 467, '2013-05-24 10:52:42', '86.86.71.139'),
(735, 467, '2013-05-24 10:52:42', '86.86.71.139'),
(736, 472, '2013-05-24 10:52:43', '195.240.16.68'),
(737, 483, '2013-05-24 10:52:55', '83.137.142.91'),
(738, 483, '2013-05-24 10:53:11', '83.137.142.91'),
(739, 483, '2013-05-24 10:53:22', '83.137.142.91'),
(740, 467, '2013-05-24 10:53:26', '83.137.142.90'),
(741, 516, '2013-05-24 10:53:28', '31.21.169.20'),
(742, 483, '2013-05-24 10:53:51', '83.137.142.91'),
(743, 483, '2013-05-24 10:54:00', '83.137.142.91'),
(744, 181, '2013-05-24 10:54:02', '83.137.142.90'),
(745, 494, '2013-05-24 10:54:21', '83.137.142.90'),
(746, 522, '2013-05-24 10:54:52', '82.156.16.171'),
(747, 483, '2013-05-24 10:54:56', '83.137.142.91'),
(748, 483, '2013-05-24 10:55:00', '83.137.142.91'),
(749, 472, '2013-05-24 10:55:01', '83.137.142.91'),
(750, 467, '2013-05-24 10:55:15', '62.131.46.35'),
(751, 549, '2013-05-24 10:55:25', '83.137.142.91'),
(752, 472, '2013-05-24 10:55:29', '83.137.142.91'),
(753, 472, '2013-05-24 10:55:31', '83.137.142.91'),
(754, 483, '2013-05-24 10:55:39', '83.137.142.91'),
(755, 472, '2013-05-24 10:55:50', '83.137.142.91'),
(756, 534, '2013-05-24 10:55:54', '188.207.106.247'),
(757, 478, '2013-05-24 10:56:08', '145.101.145.217'),
(758, 472, '2013-05-24 10:56:11', '83.137.142.91'),
(759, 483, '2013-05-24 10:56:14', '83.137.142.91'),
(760, 483, '2013-05-24 10:56:20', '83.137.142.91'),
(761, 472, '2013-05-24 10:56:24', '83.137.142.91'),
(762, 478, '2013-05-24 10:56:25', '84.31.44.194'),
(763, 478, '2013-05-24 10:56:26', '145.101.148.103'),
(764, 467, '2013-05-24 10:56:26', '83.137.142.90'),
(765, 472, '2013-05-24 10:56:37', '83.137.142.91'),
(766, 524, '2013-05-24 10:56:46', '84.24.65.92'),
(767, 534, '2013-05-24 10:56:46', '84.24.65.92'),
(768, 472, '2013-05-24 10:56:49', '83.137.142.91'),
(769, 472, '2013-05-24 10:57:01', '83.137.142.91'),
(770, 467, '2013-05-24 10:57:01', '84.27.1.26'),
(771, 483, '2013-05-24 10:57:05', '83.137.142.91'),
(772, 2, '2013-05-24 10:57:14', '62.140.132.223'),
(773, 472, '2013-05-24 10:57:15', '83.137.142.91'),
(774, 467, '2013-05-24 10:57:21', '83.137.142.91'),
(775, 483, '2013-05-24 10:57:37', '83.137.142.91'),
(776, 483, '2013-05-24 10:57:41', '83.137.142.91'),
(777, 472, '2013-05-24 10:57:50', '83.137.142.91'),
(778, 467, '2013-05-24 10:57:51', '84.25.181.10'),
(779, 467, '2013-05-24 10:57:58', '84.241.220.9'),
(780, 2, '2013-05-24 10:58:02', '82.171.1.144'),
(781, 483, '2013-05-24 10:58:06', '83.137.142.91'),
(782, 472, '2013-05-24 10:58:08', '83.137.142.91'),
(783, 468, '2013-05-24 10:58:13', '82.199.70.170'),
(784, 483, '2013-05-24 10:58:13', '83.137.142.91'),
(785, 467, '2013-05-24 10:58:14', '94.157.55.9'),
(786, 472, '2013-05-24 10:58:22', '83.137.142.91'),
(787, 472, '2013-05-24 10:58:34', '83.137.142.91'),
(788, 483, '2013-05-24 10:58:35', '83.137.142.91'),
(789, 483, '2013-05-24 10:58:46', '83.137.142.91'),
(790, 467, '2013-05-24 10:58:56', '84.241.202.179'),
(791, 478, '2013-05-24 10:59:05', '131.155.175.109'),
(792, 483, '2013-05-24 10:59:05', '83.137.142.91'),
(793, 472, '2013-05-24 10:59:06', '83.137.142.91'),
(794, 467, '2013-05-24 10:59:16', '89.205.224.147'),
(795, 483, '2013-05-24 10:59:19', '83.137.142.91'),
(796, 472, '2013-05-24 10:59:22', '83.137.142.91'),
(797, 478, '2013-05-24 10:59:28', '84.31.44.194'),
(798, 483, '2013-05-24 10:59:29', '83.137.142.91'),
(799, 516, '2013-05-24 10:59:34', '81.206.83.9'),
(800, 478, '2013-05-24 10:59:40', '83.87.204.79'),
(801, 472, '2013-05-24 10:59:46', '83.137.142.91'),
(802, 464, '2013-05-24 10:59:47', '83.137.142.90'),
(803, 478, '2013-05-24 10:59:52', '131.155.174.182'),
(804, 483, '2013-05-24 10:59:52', '83.137.142.91'),
(805, 472, '2013-05-24 10:59:55', '83.137.142.91'),
(806, 467, '2013-05-24 10:59:59', '83.137.142.91');

--
-- Beperkingen voor gedumpte tabellen
--

--
-- Beperkingen voor tabel `stemmen`
--
ALTER TABLE `stemmen`
  ADD CONSTRAINT `stemmen_ibfk_3` FOREIGN KEY (`item_id`) REFERENCES `items` (`id`);

/*!40101 SET CHARACTER_SET_CLIENT=@OLD_CHARACTER_SET_CLIENT */;
/*!40101 SET CHARACTER_SET_RESULTS=@OLD_CHARACTER_SET_RESULTS */;
/*!40101 SET COLLATION_CONNECTION=@OLD_COLLATION_CONNECTION */;
